route_id,distance,duration,cost,expression,variables
R1,484.97,273,12.33,p or q,"{'p': True, 'q': False}"
R2,187.16,259,58.92,p and not q,"{'p': False, 'q': True}"
R3,89.93,240,10.5,p and not q,"{'p': True, 'q': False}"
R4,225.91,179,25.53,p and q,"{'p': False, 'q': False}"
R5,141.45,291,56.7,p and not q,"{'p': False, 'q': True}"
R6,166.19,51,25.18,not p,"{'p': True, 'q': True}"
R7,153.36,111,32.62,p and q,"{'p': True, 'q': False}"
R8,199.85,51,17.92,p and q,"{'p': True, 'q': True}"
R9,109.86,160,71.44,p and not q,"{'p': True, 'q': False}"
R10,489.48,244,82.2,p and q,"{'p': False, 'q': False}"
R11,450.62,95,81.54,p and q,"{'p': False, 'q': False}"
R12,386.73,177,60.0,p or q,"{'p': False, 'q': False}"
R13,361.47,60,76.87,p and q,"{'p': True, 'q': False}"
R14,196.53,60,98.2,not p,"{'p': True, 'q': True}"
R15,215.1,183,15.4,p and q,"{'p': False, 'q': True}"
R16,455.73,259,22.39,not p,"{'p': False, 'q': False}"
R17,419.03,149,56.18,p or q,"{'p': False, 'q': False}"
R18,320.16,231,53.28,not p,"{'p': True, 'q': True}"
R19,290.37,238,42.23,p and q,"{'p': True, 'q': True}"
R20,109.58,285,98.27,p or q,"{'p': True, 'q': False}"
R21,433.22,221,22.95,not p,"{'p': True, 'q': False}"
R22,295.36,58,62.7,not p,"{'p': True, 'q': True}"
R23,106.51,158,44.74,not p,"{'p': False, 'q': True}"
R24,122.22,187,35.71,p or q,"{'p': False, 'q': True}"
R25,481.44,95,86.01,not p,"{'p': True, 'q': True}"
R26,298.56,67,68.39,p or q,"{'p': True, 'q': True}"
R27,335.63,180,33.16,p or q,"{'p': True, 'q': True}"
R28,385.63,85,49.96,p or q,"{'p': True, 'q': True}"
R29,110.03,122,40.9,p and q,"{'p': False, 'q': False}"
R30,139.66,188,83.63,p or q,"{'p': False, 'q': False}"
R31,160.41,282,67.76,p or q,"{'p': True, 'q': False}"
R32,182.91,299,84.24,p and q,"{'p': True, 'q': False}"
R33,335.26,154,37.21,not p,"{'p': False, 'q': False}"
R34,289.35,153,37.47,p or q,"{'p': True, 'q': False}"
R35,87.88,263,49.25,p or q,"{'p': False, 'q': True}"
R36,307.37,193,22.09,p and q,"{'p': False, 'q': True}"
R37,53.31,266,45.21,p and not q,"{'p': True, 'q': True}"
R38,140.02,141,50.68,p or q,"{'p': True, 'q': True}"
R39,310.91,246,47.76,not p,"{'p': True, 'q': False}"
R40,112.55,203,52.33,not p,"{'p': False, 'q': False}"
R41,479.76,39,88.59,p and q,"{'p': True, 'q': True}"
R42,413.86,41,40.79,p and q,"{'p': False, 'q': False}"
R43,312.15,291,32.5,not p,"{'p': True, 'q': False}"
R44,309.62,297,29.71,p or q,"{'p': False, 'q': False}"
R45,468.65,279,56.81,not p,"{'p': False, 'q': True}"
R46,260.1,272,81.98,p and not q,"{'p': False, 'q': False}"
R47,381.63,237,13.46,p and not q,"{'p': True, 'q': True}"
R48,367.19,282,17.38,p and not q,"{'p': False, 'q': True}"
R49,296.8,116,35.91,not p,"{'p': True, 'q': True}"
R50,349.88,86,53.41,not p,"{'p': True, 'q': False}"
R51,432.45,291,93.59,p and not q,"{'p': True, 'q': True}"
R52,263.02,81,75.87,p or q,"{'p': False, 'q': False}"
R53,116.47,56,20.02,p and not q,"{'p': False, 'q': True}"
R54,481.96,189,52.87,p and not q,"{'p': False, 'q': True}"
R55,413.62,265,53.64,p and q,"{'p': True, 'q': True}"
R56,194.8,241,40.83,p or q,"{'p': True, 'q': True}"
R57,477.15,148,12.48,p or q,"{'p': True, 'q': False}"
R58,229.56,86,47.93,p and q,"{'p': False, 'q': True}"
R59,372.55,189,45.85,p and q,"{'p': True, 'q': True}"
R60,240.28,107,58.96,p and q,"{'p': False, 'q': False}"
R61,68.44,37,95.88,not p,"{'p': False, 'q': True}"
R62,233.6,288,91.32,p and not q,"{'p': True, 'q': True}"
R63,190.38,97,49.6,not p,"{'p': False, 'q': True}"
R64,483.4,145,64.77,p or q,"{'p': False, 'q': True}"
R65,102.0,145,30.67,not p,"{'p': True, 'q': True}"
R66,260.44,258,76.52,p and not q,"{'p': False, 'q': False}"
R67,319.6,235,55.18,p and q,"{'p': True, 'q': True}"
R68,497.17,293,34.84,p or q,"{'p': True, 'q': False}"
R69,210.86,147,62.27,p and not q,"{'p': False, 'q': True}"
R70,262.73,158,35.33,p and q,"{'p': False, 'q': True}"
R71,162.76,241,30.59,p or q,"{'p': False, 'q': True}"
R72,378.36,172,33.21,p or q,"{'p': False, 'q': False}"
R73,296.02,207,83.97,p and q,"{'p': False, 'q': True}"
R74,477.38,182,27.62,p and q,"{'p': False, 'q': True}"
R75,450.83,176,37.78,not p,"{'p': False, 'q': True}"
R76,89.31,271,49.08,p and q,"{'p': True, 'q': False}"
R77,292.65,86,76.83,p and q,"{'p': True, 'q': False}"
R78,359.89,280,40.84,p and q,"{'p': False, 'q': True}"
R79,175.94,140,59.31,not p,"{'p': True, 'q': True}"
R80,333.18,233,21.52,p or q,"{'p': False, 'q': True}"
R81,76.93,236,45.37,p or q,"{'p': False, 'q': False}"
R82,364.33,49,25.59,p and q,"{'p': True, 'q': False}"
R83,245.41,216,70.16,p and not q,"{'p': True, 'q': True}"
R84,467.32,213,76.16,p and q,"{'p': False, 'q': True}"
R85,392.01,63,57.29,p and not q,"{'p': False, 'q': True}"
R86,427.87,183,33.51,p and q,"{'p': False, 'q': False}"
R87,111.8,297,27.35,p or q,"{'p': True, 'q': True}"
R88,357.19,138,48.59,p and not q,"{'p': False, 'q': True}"
R89,85.21,231,67.73,not p,"{'p': False, 'q': True}"
R90,429.37,209,62.64,not p,"{'p': True, 'q': True}"
R91,454.7,67,96.72,p and not q,"{'p': True, 'q': True}"
R92,474.81,207,43.58,not p,"{'p': False, 'q': True}"
R93,235.45,57,78.39,p or q,"{'p': False, 'q': True}"
R94,466.05,248,79.7,p or q,"{'p': True, 'q': False}"
R95,489.59,292,87.24,not p,"{'p': True, 'q': False}"
R96,163.52,62,21.59,not p,"{'p': True, 'q': True}"
R97,343.89,280,58.86,p and q,"{'p': False, 'q': True}"
R98,208.51,133,90.4,p and q,"{'p': False, 'q': False}"
R99,443.09,64,35.03,not p,"{'p': True, 'q': True}"
R100,356.91,241,85.95,p and q,"{'p': False, 'q': False}"
R101,421.86,132,85.31,p and not q,"{'p': True, 'q': True}"
R102,347.21,176,54.09,p or q,"{'p': False, 'q': True}"
R103,226.49,121,43.0,p or q,"{'p': False, 'q': True}"
R104,319.57,65,86.33,p and q,"{'p': True, 'q': True}"
R105,59.08,295,69.4,p or q,"{'p': False, 'q': False}"
R106,304.58,276,62.5,p or q,"{'p': True, 'q': False}"
R107,478.84,158,46.69,p or q,"{'p': False, 'q': False}"
R108,92.63,87,25.76,p or q,"{'p': True, 'q': False}"
R109,245.83,191,15.74,p and q,"{'p': True, 'q': True}"
R110,102.21,51,15.94,p and q,"{'p': False, 'q': True}"
R111,350.36,166,59.71,p and q,"{'p': False, 'q': False}"
R112,276.47,145,27.71,p and not q,"{'p': True, 'q': True}"
R113,317.79,69,99.68,p and q,"{'p': True, 'q': True}"
R114,351.18,112,85.61,p or q,"{'p': False, 'q': False}"
R115,333.46,128,72.48,p or q,"{'p': False, 'q': True}"
R116,244.54,189,23.13,p and not q,"{'p': True, 'q': True}"
R117,221.18,60,17.45,p and q,"{'p': False, 'q': False}"
R118,103.15,223,44.37,not p,"{'p': True, 'q': True}"
R119,64.9,75,54.97,not p,"{'p': False, 'q': True}"
R120,123.55,125,32.6,p and q,"{'p': True, 'q': True}"
R121,351.47,257,94.06,p and not q,"{'p': False, 'q': True}"
R122,385.28,49,72.54,p and q,"{'p': True, 'q': True}"
R123,54.98,173,76.67,not p,"{'p': True, 'q': True}"
R124,479.58,160,86.81,p and q,"{'p': True, 'q': False}"
R125,241.15,285,63.15,not p,"{'p': True, 'q': False}"
R126,82.37,192,28.7,not p,"{'p': False, 'q': True}"
R127,385.98,300,58.19,not p,"{'p': True, 'q': True}"
R128,444.74,133,46.97,p and q,"{'p': True, 'q': False}"
R129,445.26,168,82.4,not p,"{'p': False, 'q': True}"
R130,395.83,229,34.22,p and not q,"{'p': False, 'q': False}"
R131,166.82,54,90.37,not p,"{'p': True, 'q': True}"
R132,80.37,259,41.43,p and not q,"{'p': False, 'q': True}"
R133,88.12,258,79.4,p or q,"{'p': True, 'q': True}"
R134,227.69,59,67.9,p and q,"{'p': False, 'q': False}"
R135,237.31,223,60.52,p and not q,"{'p': True, 'q': False}"
R136,276.9,263,58.24,p and not q,"{'p': False, 'q': False}"
R137,411.71,96,90.7,p and not q,"{'p': True, 'q': True}"
R138,102.7,224,59.57,p and not q,"{'p': False, 'q': False}"
R139,75.23,150,92.71,not p,"{'p': True, 'q': True}"
R140,139.55,133,94.71,p and q,"{'p': True, 'q': False}"
R141,88.08,176,95.28,p or q,"{'p': True, 'q': False}"
R142,460.96,238,62.68,p and not q,"{'p': True, 'q': False}"
R143,478.07,169,68.98,not p,"{'p': True, 'q': True}"
R144,397.74,267,27.74,p and q,"{'p': False, 'q': True}"
R145,303.86,127,32.27,p and q,"{'p': True, 'q': True}"
R146,179.52,251,15.88,p and q,"{'p': True, 'q': False}"
R147,177.04,275,34.17,p or q,"{'p': True, 'q': False}"
R148,353.55,88,21.36,p or q,"{'p': True, 'q': True}"
R149,438.49,35,91.08,p and q,"{'p': True, 'q': False}"
R150,93.81,32,67.15,p and q,"{'p': True, 'q': False}"
R151,443.31,275,47.19,p and not q,"{'p': True, 'q': True}"
R152,326.96,261,47.44,p and q,"{'p': False, 'q': False}"
R153,213.31,257,51.0,p and q,"{'p': True, 'q': False}"
R154,69.56,256,96.65,p and q,"{'p': False, 'q': True}"
R155,179.19,159,85.04,p or q,"{'p': False, 'q': False}"
R156,181.41,222,41.21,p and q,"{'p': False, 'q': False}"
R157,109.47,87,79.49,p and q,"{'p': False, 'q': True}"
R158,187.16,189,77.76,p and q,"{'p': False, 'q': True}"
R159,112.5,125,65.07,not p,"{'p': False, 'q': True}"
R160,388.05,63,32.39,p and q,"{'p': False, 'q': False}"
R161,93.78,253,77.06,p or q,"{'p': False, 'q': True}"
R162,51.26,120,31.99,p or q,"{'p': True, 'q': True}"
R163,357.1,95,74.35,p or q,"{'p': True, 'q': False}"
R164,271.2,43,68.03,p and q,"{'p': False, 'q': False}"
R165,76.93,218,96.87,p and q,"{'p': True, 'q': True}"
R166,468.67,104,70.61,p or q,"{'p': False, 'q': False}"
R167,208.78,259,12.98,p or q,"{'p': False, 'q': False}"
R168,268.35,294,73.22,p or q,"{'p': True, 'q': True}"
R169,342.25,259,16.84,p and q,"{'p': True, 'q': False}"
R170,255.91,174,17.15,p or q,"{'p': False, 'q': True}"
R171,452.13,267,36.29,p or q,"{'p': True, 'q': False}"
R172,325.6,159,13.26,p or q,"{'p': False, 'q': True}"
R173,196.61,251,91.15,p and not q,"{'p': False, 'q': False}"
R174,389.22,105,41.69,p or q,"{'p': True, 'q': True}"
R175,400.37,70,26.22,p and not q,"{'p': True, 'q': False}"
R176,212.37,125,41.74,p and q,"{'p': False, 'q': False}"
R177,353.11,117,47.77,p and q,"{'p': False, 'q': False}"
R178,414.54,111,38.3,not p,"{'p': True, 'q': False}"
R179,123.82,221,90.69,p or q,"{'p': True, 'q': True}"
R180,482.19,209,36.56,not p,"{'p': True, 'q': False}"
R181,239.21,242,36.88,p and q,"{'p': False, 'q': False}"
R182,442.53,122,42.88,p and not q,"{'p': True, 'q': False}"
R183,52.64,129,83.01,p and not q,"{'p': True, 'q': False}"
R184,488.41,194,28.09,p and not q,"{'p': False, 'q': False}"
R185,196.75,234,48.62,p or q,"{'p': False, 'q': True}"
R186,53.64,60,49.8,p and q,"{'p': False, 'q': True}"
R187,382.06,38,21.27,p and not q,"{'p': False, 'q': False}"
R188,122.06,217,67.37,p and not q,"{'p': False, 'q': False}"
R189,145.9,261,58.94,p and not q,"{'p': False, 'q': True}"
R190,314.76,125,69.96,not p,"{'p': True, 'q': True}"
R191,205.58,102,57.43,p and not q,"{'p': True, 'q': False}"
R192,399.37,93,79.42,not p,"{'p': False, 'q': True}"
R193,220.8,71,48.13,p and not q,"{'p': False, 'q': True}"
R194,310.43,257,26.36,p and q,"{'p': False, 'q': True}"
R195,86.07,251,77.33,p or q,"{'p': False, 'q': False}"
R196,198.43,263,64.92,p and not q,"{'p': True, 'q': True}"
R197,266.02,121,31.0,p and q,"{'p': False, 'q': True}"
R198,462.1,216,67.25,p and q,"{'p': True, 'q': True}"
R199,141.03,265,54.16,p and not q,"{'p': True, 'q': False}"
R200,436.06,84,78.89,not p,"{'p': True, 'q': True}"
R201,158.21,128,85.11,p and not q,"{'p': False, 'q': True}"
R202,83.83,261,95.31,p and not q,"{'p': True, 'q': False}"
R203,410.2,268,89.46,p and not q,"{'p': True, 'q': False}"
R204,499.03,138,80.81,p or q,"{'p': True, 'q': False}"
R205,476.39,201,14.85,p and q,"{'p': True, 'q': True}"
R206,438.84,233,47.11,p or q,"{'p': True, 'q': False}"
R207,283.14,46,84.3,p and not q,"{'p': False, 'q': True}"
R208,454.6,142,89.03,not p,"{'p': False, 'q': True}"
R209,121.49,253,57.69,p and not q,"{'p': False, 'q': True}"
R210,344.83,199,21.68,p and not q,"{'p': False, 'q': True}"
R211,307.15,54,90.14,p and q,"{'p': False, 'q': True}"
R212,409.33,203,23.25,p and not q,"{'p': False, 'q': True}"
R213,357.8,233,96.93,p and not q,"{'p': False, 'q': False}"
R214,78.23,261,69.32,p and q,"{'p': True, 'q': True}"
R215,363.32,177,15.7,not p,"{'p': False, 'q': False}"
R216,81.15,92,16.48,p and q,"{'p': True, 'q': True}"
R217,333.0,151,10.55,p or q,"{'p': False, 'q': True}"
R218,466.33,168,90.03,p and q,"{'p': True, 'q': True}"
R219,328.78,65,14.63,not p,"{'p': True, 'q': False}"
R220,219.19,127,12.43,p or q,"{'p': True, 'q': True}"
R221,206.51,48,91.78,p and not q,"{'p': False, 'q': True}"
R222,228.1,108,79.94,p and not q,"{'p': True, 'q': False}"
R223,140.47,89,14.51,p or q,"{'p': False, 'q': False}"
R224,205.04,257,62.88,p or q,"{'p': True, 'q': True}"
R225,138.74,142,50.05,p and q,"{'p': True, 'q': False}"
R226,283.59,130,39.96,p and not q,"{'p': True, 'q': True}"
R227,454.73,53,54.49,p or q,"{'p': True, 'q': True}"
R228,263.3,105,46.78,not p,"{'p': False, 'q': False}"
R229,290.5,118,92.57,p and q,"{'p': True, 'q': True}"
R230,414.42,150,21.95,p or q,"{'p': True, 'q': False}"
R231,294.31,168,20.06,p and q,"{'p': False, 'q': True}"
R232,328.14,232,41.04,p or q,"{'p': False, 'q': False}"
R233,144.8,233,77.55,p or q,"{'p': False, 'q': False}"
R234,120.98,156,92.59,p or q,"{'p': True, 'q': False}"
R235,170.53,232,64.75,p and not q,"{'p': True, 'q': False}"
R236,446.53,223,61.15,not p,"{'p': True, 'q': False}"
R237,374.56,91,26.94,not p,"{'p': True, 'q': False}"
R238,227.85,248,96.77,p and not q,"{'p': False, 'q': False}"
R239,431.23,176,62.24,p and not q,"{'p': True, 'q': True}"
R240,431.31,275,91.57,p and q,"{'p': True, 'q': False}"
R241,413.26,266,76.97,p and not q,"{'p': True, 'q': False}"
R242,78.37,36,21.19,not p,"{'p': False, 'q': False}"
R243,350.79,215,53.71,p or q,"{'p': False, 'q': False}"
R244,310.02,111,58.87,p and not q,"{'p': True, 'q': False}"
R245,92.95,116,80.07,p and not q,"{'p': False, 'q': True}"
R246,449.28,92,12.17,p and q,"{'p': True, 'q': False}"
R247,488.26,89,11.08,p or q,"{'p': True, 'q': False}"
R248,275.98,93,28.39,not p,"{'p': True, 'q': False}"
R249,342.37,201,71.57,p and not q,"{'p': True, 'q': True}"
R250,460.57,198,55.28,p and not q,"{'p': True, 'q': True}"
R251,238.28,189,56.31,p and not q,"{'p': False, 'q': True}"
R252,361.47,211,57.46,p or q,"{'p': True, 'q': False}"
R253,330.72,51,60.59,p and q,"{'p': False, 'q': False}"
R254,351.81,217,16.8,p and q,"{'p': True, 'q': False}"
R255,121.24,164,93.63,p and q,"{'p': True, 'q': False}"
R256,93.72,101,87.6,p and q,"{'p': True, 'q': False}"
R257,76.39,182,43.16,p and not q,"{'p': True, 'q': True}"
R258,270.05,102,38.63,p and not q,"{'p': True, 'q': False}"
R259,224.87,40,12.92,not p,"{'p': True, 'q': False}"
R260,368.22,257,23.97,p or q,"{'p': True, 'q': True}"
R261,179.46,227,78.43,not p,"{'p': True, 'q': True}"
R262,382.97,243,41.97,p and q,"{'p': False, 'q': False}"
R263,366.68,109,93.86,p or q,"{'p': True, 'q': False}"
R264,135.06,137,23.48,p and q,"{'p': False, 'q': True}"
R265,94.73,248,20.21,not p,"{'p': True, 'q': True}"
R266,136.32,61,52.19,p and not q,"{'p': False, 'q': True}"
R267,178.41,60,10.45,not p,"{'p': True, 'q': True}"
R268,262.17,46,94.04,p and q,"{'p': False, 'q': True}"
R269,281.27,279,63.86,p and not q,"{'p': True, 'q': False}"
R270,53.88,97,42.69,p and not q,"{'p': True, 'q': True}"
R271,331.32,214,64.19,p or q,"{'p': False, 'q': True}"
R272,319.23,111,36.87,p and q,"{'p': True, 'q': False}"
R273,298.87,39,80.87,p and not q,"{'p': False, 'q': False}"
R274,190.08,102,97.8,p or q,"{'p': True, 'q': False}"
R275,196.32,220,13.42,p and q,"{'p': False, 'q': True}"
R276,54.53,83,28.89,not p,"{'p': False, 'q': True}"
R277,220.72,125,14.68,not p,"{'p': True, 'q': True}"
R278,178.75,236,57.91,p and not q,"{'p': True, 'q': True}"
R279,82.81,68,34.69,p and not q,"{'p': False, 'q': False}"
R280,66.8,278,56.05,p and not q,"{'p': True, 'q': False}"
R281,376.14,291,75.94,not p,"{'p': False, 'q': False}"
R282,199.96,39,25.05,p or q,"{'p': False, 'q': True}"
R283,242.75,146,46.92,p and q,"{'p': False, 'q': False}"
R284,498.15,161,24.63,not p,"{'p': False, 'q': False}"
R285,140.81,81,85.43,p and not q,"{'p': True, 'q': True}"
R286,257.27,267,82.1,p or q,"{'p': False, 'q': True}"
R287,280.47,33,55.76,p or q,"{'p': False, 'q': False}"
R288,174.22,270,27.76,not p,"{'p': True, 'q': True}"
R289,467.75,141,66.97,not p,"{'p': False, 'q': True}"
R290,171.02,110,63.59,p and not q,"{'p': True, 'q': False}"
R291,328.35,257,78.72,p or q,"{'p': False, 'q': False}"
R292,493.07,116,95.41,p and not q,"{'p': True, 'q': True}"
R293,147.69,194,46.53,p and not q,"{'p': False, 'q': True}"
R294,149.36,43,41.1,p and not q,"{'p': False, 'q': False}"
R295,428.89,105,92.43,p and not q,"{'p': True, 'q': False}"
R296,356.41,269,89.6,not p,"{'p': True, 'q': False}"
R297,140.12,105,50.73,p and not q,"{'p': False, 'q': True}"
R298,259.94,61,24.06,p and q,"{'p': True, 'q': True}"
R299,334.47,52,96.73,p or q,"{'p': True, 'q': True}"
R300,216.42,248,49.76,not p,"{'p': True, 'q': False}"
R301,201.18,279,16.95,p or q,"{'p': True, 'q': False}"
R302,129.85,109,38.39,p or q,"{'p': True, 'q': True}"
R303,118.87,148,67.29,p and not q,"{'p': False, 'q': False}"
R304,243.21,91,16.78,p or q,"{'p': True, 'q': False}"
R305,489.08,173,98.95,not p,"{'p': False, 'q': True}"
R306,394.43,263,79.17,p and q,"{'p': True, 'q': True}"
R307,271.89,55,41.01,p or q,"{'p': False, 'q': False}"
R308,353.23,136,64.25,p or q,"{'p': True, 'q': True}"
R309,455.19,87,61.23,p and not q,"{'p': True, 'q': True}"
R310,228.94,35,82.72,not p,"{'p': True, 'q': False}"
R311,319.12,140,54.53,p or q,"{'p': False, 'q': True}"
R312,357.05,247,21.68,not p,"{'p': True, 'q': True}"
R313,478.02,85,94.9,p and not q,"{'p': False, 'q': False}"
R314,89.73,150,31.75,p and not q,"{'p': True, 'q': True}"
R315,450.38,110,87.66,p or q,"{'p': False, 'q': False}"
R316,408.04,180,24.71,p or q,"{'p': False, 'q': True}"
R317,375.69,90,32.03,p and q,"{'p': True, 'q': True}"
R318,460.05,294,75.01,p and not q,"{'p': True, 'q': False}"
R319,224.02,106,38.55,not p,"{'p': True, 'q': True}"
R320,101.95,298,56.29,not p,"{'p': False, 'q': True}"
R321,67.23,39,65.4,p or q,"{'p': True, 'q': False}"
R322,367.13,207,81.99,not p,"{'p': False, 'q': True}"
R323,481.07,167,16.77,p and q,"{'p': True, 'q': False}"
R324,267.16,242,27.48,p and not q,"{'p': False, 'q': True}"
R325,475.4,68,20.46,p and q,"{'p': True, 'q': False}"
R326,424.99,167,24.37,p and not q,"{'p': True, 'q': False}"
R327,487.11,199,78.82,p and q,"{'p': False, 'q': False}"
R328,78.22,60,84.61,not p,"{'p': False, 'q': True}"
R329,164.66,75,11.87,p or q,"{'p': True, 'q': True}"
R330,298.97,125,57.73,p and q,"{'p': True, 'q': True}"
R331,181.17,284,89.14,not p,"{'p': True, 'q': False}"
R332,248.57,111,63.35,p and not q,"{'p': False, 'q': True}"
R333,372.04,98,15.53,p or q,"{'p': True, 'q': True}"
R334,214.88,37,64.19,p or q,"{'p': True, 'q': False}"
R335,287.68,244,80.8,p or q,"{'p': False, 'q': False}"
R336,366.99,67,10.98,not p,"{'p': False, 'q': False}"
R337,71.46,260,94.76,not p,"{'p': True, 'q': False}"
R338,189.72,235,83.71,p and not q,"{'p': True, 'q': False}"
R339,128.48,74,63.57,not p,"{'p': True, 'q': True}"
R340,327.5,256,63.1,p and not q,"{'p': True, 'q': True}"
R341,372.72,158,90.95,p and not q,"{'p': True, 'q': False}"
R342,443.56,154,77.67,p or q,"{'p': True, 'q': True}"
R343,275.12,224,49.05,p and q,"{'p': False, 'q': True}"
R344,73.36,230,70.04,p and q,"{'p': True, 'q': False}"
R345,111.76,107,46.58,not p,"{'p': True, 'q': False}"
R346,477.1,65,56.85,not p,"{'p': True, 'q': False}"
R347,63.52,181,93.59,p and q,"{'p': False, 'q': True}"
R348,422.69,212,37.65,p and not q,"{'p': True, 'q': False}"
R349,322.05,160,59.7,not p,"{'p': False, 'q': True}"
R350,435.89,76,65.65,p or q,"{'p': True, 'q': False}"
R351,142.13,115,66.85,not p,"{'p': True, 'q': False}"
R352,472.75,236,75.62,p or q,"{'p': False, 'q': False}"
R353,82.53,132,36.3,p or q,"{'p': False, 'q': True}"
R354,122.14,160,76.69,p or q,"{'p': True, 'q': False}"
R355,411.57,37,23.96,p and q,"{'p': False, 'q': True}"
R356,384.49,249,75.36,p and q,"{'p': False, 'q': False}"
R357,229.36,145,39.1,p and not q,"{'p': False, 'q': False}"
R358,132.11,248,94.73,p and not q,"{'p': True, 'q': True}"
R359,202.26,67,56.37,p and q,"{'p': False, 'q': False}"
R360,388.71,299,34.09,p and q,"{'p': True, 'q': False}"
R361,163.8,55,66.41,p or q,"{'p': True, 'q': False}"
R362,457.41,252,51.93,p or q,"{'p': False, 'q': True}"
R363,443.59,284,61.17,p and not q,"{'p': False, 'q': True}"
R364,58.79,42,63.29,p and q,"{'p': False, 'q': True}"
R365,165.46,158,72.89,p and not q,"{'p': True, 'q': True}"
R366,174.37,197,20.54,not p,"{'p': False, 'q': False}"
R367,392.33,44,77.35,p and not q,"{'p': False, 'q': True}"
R368,498.38,73,86.36,p and q,"{'p': False, 'q': False}"
R369,451.23,66,82.47,p or q,"{'p': True, 'q': True}"
R370,224.95,300,92.25,not p,"{'p': True, 'q': False}"
R371,60.96,160,80.63,p and not q,"{'p': True, 'q': True}"
R372,255.7,103,24.61,not p,"{'p': False, 'q': False}"
R373,166.67,145,41.01,not p,"{'p': False, 'q': True}"
R374,217.44,187,39.54,p and not q,"{'p': True, 'q': False}"
R375,112.2,173,51.5,not p,"{'p': False, 'q': True}"
R376,366.93,42,13.92,p and q,"{'p': False, 'q': True}"
R377,459.57,247,72.55,p and not q,"{'p': False, 'q': True}"
R378,52.75,158,62.63,p and not q,"{'p': True, 'q': True}"
R379,111.22,295,73.44,not p,"{'p': False, 'q': True}"
R380,131.76,208,48.13,p and q,"{'p': True, 'q': True}"
R381,69.7,50,91.81,p and not q,"{'p': False, 'q': False}"
R382,336.57,171,69.26,p and not q,"{'p': False, 'q': False}"
R383,134.72,140,51.46,p and q,"{'p': True, 'q': True}"
R384,353.19,69,88.6,p and not q,"{'p': True, 'q': False}"
R385,325.7,77,14.83,p and q,"{'p': True, 'q': True}"
R386,405.81,253,89.87,not p,"{'p': False, 'q': False}"
R387,76.94,55,42.86,p and q,"{'p': True, 'q': False}"
R388,388.67,94,82.13,p or q,"{'p': True, 'q': True}"
R389,489.29,298,22.54,p and not q,"{'p': True, 'q': False}"
R390,373.15,101,97.15,not p,"{'p': True, 'q': True}"
R391,451.75,157,30.93,p or q,"{'p': False, 'q': True}"
R392,433.91,227,15.64,not p,"{'p': True, 'q': False}"
R393,452.32,30,64.67,not p,"{'p': False, 'q': True}"
R394,449.44,279,58.99,p and not q,"{'p': False, 'q': False}"
R395,380.61,269,61.16,p and not q,"{'p': True, 'q': False}"
R396,76.73,36,24.82,p or q,"{'p': False, 'q': True}"
R397,372.85,141,29.4,p or q,"{'p': True, 'q': False}"
R398,70.95,176,46.75,p and not q,"{'p': True, 'q': True}"
R399,182.14,133,75.26,p and not q,"{'p': True, 'q': True}"
R400,390.23,144,36.73,not p,"{'p': True, 'q': True}"
R401,457.44,208,55.18,not p,"{'p': False, 'q': True}"
R402,228.6,175,19.01,not p,"{'p': True, 'q': False}"
R403,339.85,161,71.89,p or q,"{'p': False, 'q': False}"
R404,76.28,274,59.03,not p,"{'p': True, 'q': True}"
R405,285.12,34,15.27,p and not q,"{'p': True, 'q': True}"
R406,427.4,238,15.17,not p,"{'p': True, 'q': True}"
R407,294.44,88,88.35,p and not q,"{'p': True, 'q': True}"
R408,283.51,67,71.31,p and not q,"{'p': True, 'q': True}"
R409,265.58,236,84.07,not p,"{'p': True, 'q': False}"
R410,295.99,244,46.86,p or q,"{'p': False, 'q': False}"
R411,180.7,41,76.55,p or q,"{'p': True, 'q': True}"
R412,368.98,188,87.87,p and q,"{'p': False, 'q': True}"
R413,76.77,300,75.57,p and q,"{'p': True, 'q': True}"
R414,237.65,138,51.88,p and not q,"{'p': True, 'q': True}"
R415,119.97,67,65.18,p and not q,"{'p': False, 'q': True}"
R416,381.58,161,94.17,p and not q,"{'p': True, 'q': False}"
R417,243.09,32,91.75,p and not q,"{'p': False, 'q': False}"
R418,293.2,46,79.24,p and q,"{'p': False, 'q': True}"
R419,416.02,34,96.2,p and q,"{'p': False, 'q': False}"
R420,139.99,184,65.41,not p,"{'p': True, 'q': True}"
R421,63.37,113,62.02,p and q,"{'p': True, 'q': False}"
R422,191.73,102,49.42,p or q,"{'p': False, 'q': True}"
R423,312.18,147,40.87,not p,"{'p': True, 'q': False}"
R424,244.24,119,50.14,p or q,"{'p': False, 'q': True}"
R425,269.96,82,34.36,not p,"{'p': False, 'q': True}"
R426,302.22,46,52.22,p or q,"{'p': True, 'q': False}"
R427,137.36,158,24.77,p and not q,"{'p': True, 'q': False}"
R428,268.38,37,72.62,not p,"{'p': True, 'q': False}"
R429,342.71,190,33.91,p or q,"{'p': False, 'q': False}"
R430,118.61,30,38.94,p or q,"{'p': True, 'q': False}"
R431,132.18,87,86.02,p or q,"{'p': False, 'q': True}"
R432,61.42,133,86.87,p or q,"{'p': False, 'q': True}"
R433,305.2,246,93.09,not p,"{'p': True, 'q': True}"
R434,233.62,183,88.7,p and q,"{'p': False, 'q': False}"
R435,99.86,259,88.78,not p,"{'p': False, 'q': False}"
R436,358.7,132,54.45,p and q,"{'p': True, 'q': True}"
R437,184.93,143,30.01,p and q,"{'p': False, 'q': False}"
R438,438.01,128,88.82,not p,"{'p': False, 'q': True}"
R439,319.93,282,18.28,p and q,"{'p': True, 'q': False}"
R440,63.89,48,80.83,p and q,"{'p': True, 'q': True}"
R441,195.11,31,82.42,not p,"{'p': False, 'q': True}"
R442,230.28,41,60.93,p or q,"{'p': False, 'q': True}"
R443,165.42,274,85.32,p and not q,"{'p': True, 'q': True}"
R444,409.37,280,44.6,p and not q,"{'p': True, 'q': False}"
R445,205.93,31,42.45,not p,"{'p': False, 'q': True}"
R446,251.15,254,48.26,p or q,"{'p': True, 'q': False}"
R447,199.24,248,88.26,p and not q,"{'p': False, 'q': False}"
R448,386.15,300,10.13,p and not q,"{'p': True, 'q': False}"
R449,372.89,87,68.03,p and q,"{'p': True, 'q': False}"
R450,214.25,118,15.63,p and q,"{'p': True, 'q': True}"
R451,175.7,87,66.59,p or q,"{'p': False, 'q': True}"
R452,60.53,107,70.87,p and q,"{'p': False, 'q': False}"
R453,137.08,137,20.62,p or q,"{'p': False, 'q': True}"
R454,327.4,140,69.41,p or q,"{'p': False, 'q': False}"
R455,142.88,109,10.32,p or q,"{'p': False, 'q': True}"
R456,273.26,207,85.99,p or q,"{'p': False, 'q': False}"
R457,146.77,145,55.18,p and not q,"{'p': False, 'q': True}"
R458,122.71,193,45.3,p or q,"{'p': True, 'q': True}"
R459,407.65,182,82.05,p and q,"{'p': True, 'q': True}"
R460,297.64,222,87.64,not p,"{'p': True, 'q': False}"
R461,438.66,137,92.84,p and not q,"{'p': True, 'q': True}"
R462,290.2,54,79.21,p and not q,"{'p': False, 'q': False}"
R463,96.37,58,53.87,p and q,"{'p': False, 'q': False}"
R464,186.19,219,52.22,p and not q,"{'p': False, 'q': True}"
R465,197.74,213,66.31,not p,"{'p': True, 'q': True}"
R466,262.05,265,36.7,not p,"{'p': False, 'q': False}"
R467,354.96,220,32.25,p and not q,"{'p': True, 'q': True}"
R468,64.87,213,61.97,not p,"{'p': True, 'q': False}"
R469,336.0,87,62.66,p or q,"{'p': False, 'q': False}"
R470,223.77,164,52.27,p and not q,"{'p': False, 'q': True}"
R471,265.74,267,41.5,not p,"{'p': False, 'q': False}"
R472,293.35,110,80.0,p or q,"{'p': True, 'q': True}"
R473,470.15,272,22.34,p and q,"{'p': True, 'q': False}"
R474,466.13,276,68.43,p and not q,"{'p': False, 'q': True}"
R475,128.58,107,63.34,not p,"{'p': True, 'q': False}"
R476,52.29,160,78.19,not p,"{'p': True, 'q': False}"
R477,163.13,258,28.89,p and not q,"{'p': False, 'q': False}"
R478,345.1,137,45.82,p and q,"{'p': False, 'q': True}"
R479,315.42,100,50.84,p and not q,"{'p': False, 'q': False}"
R480,128.53,163,94.62,p or q,"{'p': True, 'q': True}"
R481,390.04,280,47.44,not p,"{'p': True, 'q': True}"
R482,397.62,112,85.48,p and q,"{'p': True, 'q': True}"
R483,362.22,159,40.04,not p,"{'p': False, 'q': False}"
R484,454.82,89,39.2,not p,"{'p': False, 'q': False}"
R485,69.88,275,98.09,p and q,"{'p': True, 'q': False}"
R486,283.12,241,42.28,p and q,"{'p': False, 'q': True}"
R487,267.49,105,88.7,p and q,"{'p': True, 'q': False}"
R488,346.83,263,68.91,p or q,"{'p': True, 'q': True}"
R489,444.99,300,34.66,not p,"{'p': True, 'q': False}"
R490,68.69,211,65.15,p and not q,"{'p': False, 'q': False}"
R491,261.51,154,42.72,not p,"{'p': False, 'q': True}"
R492,175.81,194,81.41,p and not q,"{'p': True, 'q': True}"
R493,247.06,181,85.44,p and q,"{'p': True, 'q': False}"
R494,282.58,52,76.58,p and q,"{'p': False, 'q': False}"
R495,130.05,274,44.83,p and not q,"{'p': True, 'q': True}"
R496,450.45,54,43.7,p or q,"{'p': False, 'q': False}"
R497,373.77,89,53.38,not p,"{'p': False, 'q': False}"
R498,87.04,217,32.17,not p,"{'p': True, 'q': False}"
R499,372.73,230,80.09,p or q,"{'p': True, 'q': True}"
R500,139.21,41,13.08,p and not q,"{'p': False, 'q': True}"
R501,295.94,81,21.46,p and not q,"{'p': False, 'q': False}"
R502,145.73,73,16.04,p and q,"{'p': True, 'q': False}"
R503,59.78,290,35.44,p and q,"{'p': False, 'q': False}"
R504,127.62,73,48.31,not p,"{'p': False, 'q': False}"
R505,296.32,254,36.7,not p,"{'p': True, 'q': True}"
R506,468.14,180,85.06,p and not q,"{'p': False, 'q': True}"
R507,89.91,300,98.19,p and not q,"{'p': False, 'q': False}"
R508,469.88,94,90.02,p and not q,"{'p': True, 'q': False}"
R509,472.79,137,77.65,p and not q,"{'p': True, 'q': True}"
R510,341.58,132,24.0,p and not q,"{'p': False, 'q': True}"
R511,124.36,119,67.16,not p,"{'p': False, 'q': False}"
R512,161.68,71,38.09,p and not q,"{'p': False, 'q': False}"
R513,357.66,140,51.55,p and not q,"{'p': False, 'q': False}"
R514,134.77,176,86.64,p and not q,"{'p': False, 'q': True}"
R515,451.13,126,60.63,not p,"{'p': False, 'q': False}"
R516,342.88,299,35.95,p and not q,"{'p': False, 'q': False}"
R517,463.68,55,55.74,not p,"{'p': True, 'q': True}"
R518,164.52,93,71.47,not p,"{'p': True, 'q': False}"
R519,93.78,95,88.61,not p,"{'p': False, 'q': True}"
R520,460.87,44,58.42,p and not q,"{'p': False, 'q': False}"
R521,428.65,43,61.8,p and q,"{'p': False, 'q': False}"
R522,323.32,36,71.48,p or q,"{'p': False, 'q': True}"
R523,304.36,172,31.17,not p,"{'p': True, 'q': False}"
R524,415.61,130,89.25,p or q,"{'p': True, 'q': True}"
R525,396.87,144,17.66,p and not q,"{'p': False, 'q': False}"
R526,106.74,170,36.25,not p,"{'p': True, 'q': False}"
R527,134.65,237,64.46,p and q,"{'p': True, 'q': True}"
R528,329.85,109,61.02,not p,"{'p': True, 'q': True}"
R529,373.08,163,63.91,p or q,"{'p': False, 'q': False}"
R530,119.99,211,32.78,p and q,"{'p': False, 'q': True}"
R531,152.51,294,80.77,p or q,"{'p': False, 'q': False}"
R532,90.64,181,88.88,p and q,"{'p': True, 'q': False}"
R533,73.71,62,92.71,not p,"{'p': False, 'q': False}"
R534,498.46,80,19.42,p and q,"{'p': False, 'q': False}"
R535,228.62,102,85.5,p or q,"{'p': False, 'q': True}"
R536,379.77,122,80.99,not p,"{'p': True, 'q': True}"
R537,326.14,56,70.47,p or q,"{'p': False, 'q': True}"
R538,393.3,32,98.03,p or q,"{'p': False, 'q': False}"
R539,279.59,42,29.47,p and q,"{'p': True, 'q': False}"
R540,355.03,256,66.66,p or q,"{'p': True, 'q': False}"
R541,329.8,66,92.43,not p,"{'p': True, 'q': True}"
R542,313.14,267,11.99,p and not q,"{'p': True, 'q': True}"
R543,65.58,67,31.81,p or q,"{'p': True, 'q': True}"
R544,105.71,300,67.85,p and not q,"{'p': True, 'q': False}"
R545,340.3,51,84.27,p and not q,"{'p': True, 'q': False}"
R546,75.31,170,77.71,not p,"{'p': False, 'q': False}"
R547,205.0,188,62.13,p and not q,"{'p': False, 'q': True}"
R548,173.41,34,64.82,p or q,"{'p': True, 'q': True}"
R549,77.77,248,68.3,p and q,"{'p': False, 'q': False}"
R550,238.4,69,47.92,not p,"{'p': False, 'q': False}"
R551,323.37,43,61.17,p and q,"{'p': True, 'q': False}"
R552,449.22,172,91.8,p and q,"{'p': False, 'q': True}"
R553,261.5,173,11.83,p and not q,"{'p': False, 'q': True}"
R554,331.69,113,33.2,p or q,"{'p': True, 'q': True}"
R555,427.14,76,19.52,p and not q,"{'p': True, 'q': True}"
R556,226.59,221,63.76,p or q,"{'p': False, 'q': True}"
R557,280.43,80,86.64,p or q,"{'p': True, 'q': False}"
R558,226.37,64,14.57,p and q,"{'p': False, 'q': False}"
R559,107.51,282,96.24,not p,"{'p': False, 'q': False}"
R560,390.63,91,62.28,p and not q,"{'p': True, 'q': False}"
R561,417.09,59,14.74,p and q,"{'p': True, 'q': True}"
R562,163.05,278,16.91,not p,"{'p': True, 'q': False}"
R563,124.44,294,13.44,p and not q,"{'p': True, 'q': True}"
R564,472.08,227,64.26,p or q,"{'p': True, 'q': True}"
R565,414.62,87,16.54,p or q,"{'p': False, 'q': False}"
R566,238.52,40,80.42,p and q,"{'p': True, 'q': False}"
R567,77.97,240,22.77,p and q,"{'p': False, 'q': True}"
R568,172.68,86,90.35,not p,"{'p': True, 'q': False}"
R569,409.81,71,91.86,p and not q,"{'p': True, 'q': False}"
R570,238.13,100,22.24,p and q,"{'p': False, 'q': False}"
R571,134.11,233,70.3,p and not q,"{'p': True, 'q': True}"
R572,430.05,271,96.28,p and not q,"{'p': False, 'q': True}"
R573,92.51,64,11.03,p or q,"{'p': True, 'q': False}"
R574,404.51,233,55.64,not p,"{'p': True, 'q': False}"
R575,226.81,251,15.36,p and not q,"{'p': True, 'q': False}"
R576,173.93,35,45.13,not p,"{'p': True, 'q': True}"
R577,234.22,215,36.26,p and not q,"{'p': True, 'q': True}"
R578,388.55,32,30.19,p and not q,"{'p': False, 'q': True}"
R579,102.91,256,47.34,p and not q,"{'p': True, 'q': False}"
R580,380.96,150,88.64,p and q,"{'p': True, 'q': False}"
R581,223.44,279,77.62,not p,"{'p': True, 'q': True}"
R582,391.45,236,98.3,p and not q,"{'p': False, 'q': True}"
R583,289.21,166,77.37,not p,"{'p': True, 'q': False}"
R584,445.79,135,81.4,p or q,"{'p': True, 'q': False}"
R585,231.6,127,69.06,p or q,"{'p': False, 'q': True}"
R586,57.94,160,68.79,p and not q,"{'p': True, 'q': True}"
R587,386.86,149,32.41,not p,"{'p': True, 'q': False}"
R588,392.17,227,29.39,p or q,"{'p': True, 'q': False}"
R589,220.04,102,32.28,not p,"{'p': True, 'q': True}"
R590,494.57,255,99.39,p and not q,"{'p': False, 'q': True}"
R591,259.7,73,76.4,p and not q,"{'p': True, 'q': True}"
R592,191.13,82,55.65,p or q,"{'p': True, 'q': True}"
R593,379.36,109,85.97,p and not q,"{'p': False, 'q': False}"
R594,419.88,70,28.95,p and not q,"{'p': True, 'q': False}"
R595,454.21,56,40.93,not p,"{'p': False, 'q': False}"
R596,222.91,117,48.05,p and not q,"{'p': False, 'q': False}"
R597,242.51,133,56.49,p and q,"{'p': False, 'q': False}"
R598,298.57,276,46.57,p or q,"{'p': True, 'q': False}"
R599,448.51,36,48.4,not p,"{'p': True, 'q': True}"
R600,420.65,233,11.92,p and q,"{'p': True, 'q': False}"
R601,131.25,40,86.0,not p,"{'p': True, 'q': True}"
R602,108.9,82,49.2,not p,"{'p': False, 'q': False}"
R603,181.1,180,34.88,p or q,"{'p': True, 'q': False}"
R604,410.78,253,62.97,p or q,"{'p': True, 'q': True}"
R605,356.42,99,60.0,p and q,"{'p': True, 'q': True}"
R606,461.58,242,65.06,p and not q,"{'p': True, 'q': False}"
R607,314.08,68,92.73,p or q,"{'p': True, 'q': True}"
R608,483.39,187,23.45,p or q,"{'p': True, 'q': False}"
R609,266.68,226,97.33,p or q,"{'p': False, 'q': False}"
R610,403.53,77,28.85,p and q,"{'p': True, 'q': True}"
R611,169.53,215,22.55,p and not q,"{'p': False, 'q': False}"
R612,82.22,283,60.06,p and q,"{'p': True, 'q': False}"
R613,60.47,261,53.21,p and q,"{'p': False, 'q': False}"
R614,152.72,220,78.23,p and not q,"{'p': False, 'q': True}"
R615,380.61,268,73.6,not p,"{'p': False, 'q': False}"
R616,449.13,265,33.88,p or q,"{'p': True, 'q': True}"
R617,158.51,250,65.08,p or q,"{'p': True, 'q': False}"
R618,405.69,61,34.44,p and q,"{'p': False, 'q': False}"
R619,230.37,128,85.71,p or q,"{'p': False, 'q': False}"
R620,82.77,240,30.29,p and not q,"{'p': True, 'q': True}"
R621,269.61,140,38.94,p or q,"{'p': False, 'q': True}"
R622,352.93,184,68.24,p and q,"{'p': False, 'q': False}"
R623,268.47,93,26.55,p or q,"{'p': True, 'q': True}"
R624,362.46,239,79.06,not p,"{'p': True, 'q': True}"
R625,110.64,296,65.21,not p,"{'p': True, 'q': False}"
R626,216.21,252,62.94,p or q,"{'p': False, 'q': True}"
R627,408.28,131,31.27,not p,"{'p': False, 'q': False}"
R628,270.57,257,89.66,p or q,"{'p': False, 'q': True}"
R629,248.89,130,72.26,not p,"{'p': True, 'q': True}"
R630,323.71,81,50.89,p or q,"{'p': False, 'q': True}"
R631,377.13,107,90.1,p and not q,"{'p': False, 'q': False}"
R632,253.9,191,70.63,not p,"{'p': True, 'q': False}"
R633,289.95,243,19.81,p or q,"{'p': False, 'q': True}"
R634,230.81,44,60.99,not p,"{'p': False, 'q': True}"
R635,478.08,46,30.4,p or q,"{'p': True, 'q': True}"
R636,408.9,218,61.65,not p,"{'p': False, 'q': False}"
R637,358.18,226,18.49,p and q,"{'p': True, 'q': False}"
R638,179.04,221,56.27,not p,"{'p': True, 'q': False}"
R639,144.68,122,55.68,p and not q,"{'p': True, 'q': True}"
R640,143.28,113,11.83,p or q,"{'p': True, 'q': True}"
R641,465.38,258,59.56,p and q,"{'p': True, 'q': False}"
R642,161.61,275,50.41,p or q,"{'p': True, 'q': True}"
R643,379.04,268,53.59,not p,"{'p': True, 'q': False}"
R644,162.07,190,47.98,p and q,"{'p': False, 'q': False}"
R645,158.41,232,87.6,p or q,"{'p': True, 'q': True}"
R646,296.51,50,44.99,p and not q,"{'p': False, 'q': False}"
R647,148.26,233,72.09,p and q,"{'p': False, 'q': False}"
R648,316.02,132,53.14,not p,"{'p': True, 'q': True}"
R649,492.24,294,21.26,p and not q,"{'p': True, 'q': False}"
R650,333.45,73,52.61,not p,"{'p': True, 'q': True}"
R651,402.67,256,36.87,not p,"{'p': True, 'q': True}"
R652,175.78,130,28.72,not p,"{'p': False, 'q': False}"
R653,85.34,216,75.47,p or q,"{'p': False, 'q': True}"
R654,158.18,271,58.61,not p,"{'p': True, 'q': False}"
R655,297.51,41,56.09,not p,"{'p': False, 'q': False}"
R656,396.67,230,85.62,not p,"{'p': True, 'q': False}"
R657,208.45,141,56.25,p or q,"{'p': True, 'q': True}"
R658,351.83,32,50.98,p and q,"{'p': True, 'q': False}"
R659,183.17,300,94.4,not p,"{'p': False, 'q': False}"
R660,331.73,248,29.2,p or q,"{'p': True, 'q': False}"
R661,489.48,77,37.54,p or q,"{'p': False, 'q': True}"
R662,499.54,182,36.15,p or q,"{'p': False, 'q': True}"
R663,354.65,32,28.14,p and q,"{'p': True, 'q': True}"
R664,462.15,155,15.13,p and not q,"{'p': False, 'q': False}"
R665,497.53,97,15.05,not p,"{'p': True, 'q': True}"
R666,438.14,294,64.54,not p,"{'p': True, 'q': True}"
R667,389.75,262,88.81,p or q,"{'p': True, 'q': False}"
R668,207.05,216,56.23,not p,"{'p': True, 'q': False}"
R669,166.97,190,13.92,p or q,"{'p': True, 'q': True}"
R670,58.69,291,93.0,p and not q,"{'p': True, 'q': True}"
R671,311.57,71,16.51,p or q,"{'p': False, 'q': False}"
R672,407.07,111,17.55,p and q,"{'p': False, 'q': False}"
R673,312.65,229,68.49,p and not q,"{'p': False, 'q': True}"
R674,486.46,220,63.35,p or q,"{'p': True, 'q': False}"
R675,291.22,46,15.93,not p,"{'p': True, 'q': True}"
R676,363.79,216,90.6,not p,"{'p': False, 'q': False}"
R677,491.91,89,99.95,p or q,"{'p': False, 'q': True}"
R678,388.51,299,66.11,p or q,"{'p': True, 'q': True}"
R679,408.93,228,30.39,p and q,"{'p': True, 'q': False}"
R680,485.85,185,97.93,not p,"{'p': True, 'q': False}"
R681,488.9,161,72.98,p and not q,"{'p': True, 'q': True}"
R682,247.0,60,44.28,p and not q,"{'p': True, 'q': False}"
R683,485.85,101,26.48,p and not q,"{'p': False, 'q': False}"
R684,174.9,134,95.52,p or q,"{'p': True, 'q': False}"
R685,301.7,295,87.74,p and not q,"{'p': False, 'q': False}"
R686,460.78,74,53.59,p and not q,"{'p': True, 'q': True}"
R687,410.48,226,88.48,p and not q,"{'p': False, 'q': True}"
R688,192.37,80,15.38,p and q,"{'p': False, 'q': False}"
R689,381.1,102,37.25,p or q,"{'p': True, 'q': False}"
R690,224.16,137,64.69,not p,"{'p': False, 'q': False}"
R691,141.01,295,98.92,not p,"{'p': False, 'q': False}"
R692,417.54,249,25.96,not p,"{'p': True, 'q': False}"
R693,150.18,257,93.82,p and not q,"{'p': True, 'q': True}"
R694,465.88,260,79.45,not p,"{'p': False, 'q': False}"
R695,308.28,99,35.99,p and not q,"{'p': True, 'q': False}"
R696,306.88,148,16.78,p and q,"{'p': True, 'q': False}"
R697,320.7,108,69.87,p and q,"{'p': True, 'q': True}"
R698,68.07,224,78.08,p and q,"{'p': False, 'q': True}"
R699,453.77,81,13.66,p and not q,"{'p': False, 'q': True}"
R700,280.71,114,61.1,p and not q,"{'p': True, 'q': True}"
R701,405.77,160,46.4,p or q,"{'p': False, 'q': False}"
R702,56.43,254,75.66,p and q,"{'p': False, 'q': False}"
R703,71.91,284,45.04,not p,"{'p': False, 'q': True}"
R704,89.35,72,66.35,p and q,"{'p': False, 'q': False}"
R705,64.39,38,27.82,p and q,"{'p': True, 'q': True}"
R706,87.35,218,27.27,p and not q,"{'p': True, 'q': False}"
R707,81.75,143,12.22,p and not q,"{'p': False, 'q': True}"
R708,497.94,212,43.68,p or q,"{'p': True, 'q': True}"
R709,242.76,205,99.53,p or q,"{'p': True, 'q': False}"
R710,406.87,86,86.9,p or q,"{'p': True, 'q': True}"
R711,79.88,154,81.7,p or q,"{'p': False, 'q': False}"
R712,412.13,82,47.93,not p,"{'p': False, 'q': True}"
R713,92.98,115,59.91,not p,"{'p': True, 'q': True}"
R714,261.61,270,54.03,p and not q,"{'p': True, 'q': False}"
R715,170.87,252,32.94,p and q,"{'p': True, 'q': True}"
R716,83.19,227,95.1,p or q,"{'p': False, 'q': False}"
R717,210.96,86,59.67,p and not q,"{'p': True, 'q': False}"
R718,446.26,249,74.6,p or q,"{'p': False, 'q': False}"
R719,143.93,82,51.93,p and not q,"{'p': True, 'q': True}"
R720,263.9,93,64.23,p and q,"{'p': True, 'q': False}"
R721,290.28,164,69.95,not p,"{'p': False, 'q': True}"
R722,497.81,164,22.18,not p,"{'p': False, 'q': True}"
R723,206.02,179,81.88,not p,"{'p': True, 'q': False}"
R724,442.22,232,69.4,p and not q,"{'p': False, 'q': False}"
R725,53.89,285,28.43,p and q,"{'p': True, 'q': False}"
R726,364.96,183,21.68,not p,"{'p': True, 'q': False}"
R727,53.04,135,78.79,not p,"{'p': False, 'q': True}"
R728,291.07,38,39.18,p and not q,"{'p': True, 'q': False}"
R729,479.19,176,55.47,p and q,"{'p': True, 'q': False}"
R730,308.22,150,13.18,p and not q,"{'p': False, 'q': True}"
R731,62.48,38,74.89,p or q,"{'p': False, 'q': False}"
R732,233.41,215,35.94,p or q,"{'p': False, 'q': True}"
R733,384.64,33,47.93,not p,"{'p': False, 'q': True}"
R734,212.02,35,53.64,p and not q,"{'p': False, 'q': True}"
R735,213.51,67,48.02,not p,"{'p': True, 'q': True}"
R736,348.54,87,41.98,p or q,"{'p': True, 'q': True}"
R737,418.32,33,42.68,not p,"{'p': False, 'q': False}"
R738,353.59,167,27.66,p or q,"{'p': False, 'q': False}"
R739,146.41,232,56.39,p and not q,"{'p': True, 'q': False}"
R740,228.11,192,71.93,p or q,"{'p': True, 'q': True}"
R741,494.83,72,35.18,p and q,"{'p': False, 'q': False}"
R742,51.17,257,64.41,p or q,"{'p': True, 'q': True}"
R743,50.6,264,68.38,not p,"{'p': False, 'q': False}"
R744,326.35,259,65.92,p and q,"{'p': True, 'q': False}"
R745,494.7,184,18.32,not p,"{'p': False, 'q': True}"
R746,206.53,123,70.84,not p,"{'p': True, 'q': False}"
R747,138.94,176,27.22,p and q,"{'p': True, 'q': False}"
R748,109.91,64,27.3,p and q,"{'p': True, 'q': True}"
R749,217.91,76,51.26,p or q,"{'p': True, 'q': True}"
R750,380.39,44,85.38,p and q,"{'p': True, 'q': True}"
R751,453.38,146,92.36,p and not q,"{'p': False, 'q': False}"
R752,64.4,65,98.07,p and not q,"{'p': True, 'q': False}"
R753,362.03,300,19.24,p or q,"{'p': False, 'q': False}"
R754,248.32,234,73.8,p and not q,"{'p': True, 'q': True}"
R755,117.7,135,75.64,not p,"{'p': True, 'q': True}"
R756,64.4,244,93.12,p or q,"{'p': True, 'q': True}"
R757,383.86,212,72.89,p and not q,"{'p': False, 'q': False}"
R758,303.41,237,76.33,p and q,"{'p': False, 'q': True}"
R759,106.36,50,27.79,not p,"{'p': True, 'q': True}"
R760,153.31,125,13.68,not p,"{'p': False, 'q': True}"
R761,216.67,171,74.25,p or q,"{'p': False, 'q': True}"
R762,335.31,191,53.64,p or q,"{'p': False, 'q': True}"
R763,119.04,114,40.4,not p,"{'p': True, 'q': False}"
R764,395.9,247,58.58,not p,"{'p': False, 'q': True}"
R765,473.95,47,34.77,not p,"{'p': True, 'q': False}"
R766,448.05,156,96.32,p and q,"{'p': True, 'q': False}"
R767,381.8,299,76.53,p and q,"{'p': True, 'q': True}"
R768,124.89,196,68.01,not p,"{'p': True, 'q': False}"
R769,70.26,105,86.46,p or q,"{'p': True, 'q': True}"
R770,241.13,235,34.91,p or q,"{'p': True, 'q': False}"
R771,431.36,43,90.58,not p,"{'p': False, 'q': False}"
R772,420.68,122,46.4,p and q,"{'p': False, 'q': True}"
R773,53.54,248,21.66,p and q,"{'p': True, 'q': True}"
R774,202.83,179,27.47,not p,"{'p': True, 'q': False}"
R775,142.21,295,54.54,not p,"{'p': True, 'q': True}"
R776,343.7,83,25.1,p and not q,"{'p': False, 'q': False}"
R777,454.52,250,54.56,p or q,"{'p': False, 'q': True}"
R778,72.69,127,52.94,p and q,"{'p': True, 'q': False}"
R779,409.25,46,22.44,p and not q,"{'p': False, 'q': True}"
R780,437.48,148,12.17,p and not q,"{'p': True, 'q': True}"
R781,458.69,142,43.47,p or q,"{'p': False, 'q': False}"
R782,284.62,128,52.9,p and q,"{'p': False, 'q': False}"
R783,72.74,233,64.72,p and q,"{'p': True, 'q': True}"
R784,195.07,237,30.25,not p,"{'p': True, 'q': True}"
R785,201.38,151,10.16,p and q,"{'p': True, 'q': True}"
R786,233.27,30,11.27,p and not q,"{'p': True, 'q': False}"
R787,152.85,101,61.02,p or q,"{'p': True, 'q': True}"
R788,202.46,230,47.44,p and not q,"{'p': True, 'q': False}"
R789,493.2,206,19.2,not p,"{'p': False, 'q': False}"
R790,441.46,226,58.72,not p,"{'p': True, 'q': True}"
R791,331.92,268,82.17,not p,"{'p': False, 'q': False}"
R792,111.25,121,58.41,p and not q,"{'p': False, 'q': True}"
R793,97.0,52,97.97,p or q,"{'p': False, 'q': True}"
R794,61.62,291,24.82,p and not q,"{'p': False, 'q': True}"
R795,240.71,149,80.46,p and not q,"{'p': False, 'q': False}"
R796,333.06,168,19.35,p and not q,"{'p': False, 'q': True}"
R797,69.01,140,63.1,p and q,"{'p': False, 'q': False}"
R798,290.52,80,52.9,p or q,"{'p': True, 'q': True}"
R799,270.76,113,32.93,p and q,"{'p': True, 'q': False}"
R800,305.51,275,87.47,p and q,"{'p': False, 'q': False}"
R801,456.11,69,59.5,p or q,"{'p': True, 'q': False}"
R802,50.13,166,27.85,p or q,"{'p': True, 'q': True}"
R803,89.27,141,16.29,p or q,"{'p': False, 'q': True}"
R804,471.15,280,15.28,not p,"{'p': True, 'q': True}"
R805,413.05,296,90.85,p and q,"{'p': True, 'q': True}"
R806,421.53,101,32.56,p and not q,"{'p': False, 'q': False}"
R807,379.73,95,96.27,not p,"{'p': True, 'q': True}"
R808,231.39,240,24.89,not p,"{'p': False, 'q': True}"
R809,117.58,241,22.3,p and not q,"{'p': False, 'q': True}"
R810,440.88,232,49.95,p or q,"{'p': False, 'q': True}"
R811,485.12,206,64.08,p or q,"{'p': False, 'q': True}"
R812,94.17,293,92.14,p and q,"{'p': False, 'q': True}"
R813,199.78,279,93.46,p and not q,"{'p': False, 'q': True}"
R814,103.54,254,56.68,not p,"{'p': False, 'q': True}"
R815,313.25,92,82.51,not p,"{'p': True, 'q': False}"
R816,376.42,288,99.93,p and not q,"{'p': True, 'q': True}"
R817,237.73,169,11.53,p and not q,"{'p': False, 'q': False}"
R818,271.07,112,63.81,not p,"{'p': True, 'q': False}"
R819,360.37,234,99.69,p or q,"{'p': True, 'q': False}"
R820,340.96,161,37.6,not p,"{'p': False, 'q': True}"
R821,100.34,99,78.33,p and not q,"{'p': False, 'q': True}"
R822,178.95,117,73.08,p or q,"{'p': False, 'q': False}"
R823,202.94,61,27.41,p or q,"{'p': True, 'q': True}"
R824,251.32,78,94.09,p and q,"{'p': False, 'q': False}"
R825,233.03,266,30.25,p and not q,"{'p': False, 'q': False}"
R826,135.6,213,73.68,p and q,"{'p': False, 'q': True}"
R827,111.27,79,42.7,p and not q,"{'p': False, 'q': False}"
R828,188.58,196,98.17,p or q,"{'p': True, 'q': False}"
R829,67.6,94,55.32,p or q,"{'p': True, 'q': False}"
R830,291.83,166,80.85,p or q,"{'p': False, 'q': True}"
R831,255.07,219,97.62,p or q,"{'p': False, 'q': True}"
R832,265.81,229,56.29,p or q,"{'p': True, 'q': False}"
R833,279.14,180,75.86,not p,"{'p': True, 'q': False}"
R834,471.99,109,45.57,p and q,"{'p': False, 'q': True}"
R835,134.39,270,28.05,p and not q,"{'p': False, 'q': True}"
R836,91.49,299,83.47,p and q,"{'p': True, 'q': False}"
R837,64.02,192,68.09,not p,"{'p': False, 'q': True}"
R838,490.03,278,17.52,p and q,"{'p': False, 'q': True}"
R839,346.75,130,84.33,p and q,"{'p': False, 'q': False}"
R840,346.64,270,22.73,p and q,"{'p': True, 'q': False}"
R841,439.68,289,97.65,p and q,"{'p': False, 'q': False}"
R842,442.73,293,38.31,p and q,"{'p': True, 'q': True}"
R843,301.65,167,85.57,p or q,"{'p': True, 'q': True}"
R844,96.62,276,91.06,p and not q,"{'p': False, 'q': False}"
R845,340.28,137,18.49,not p,"{'p': False, 'q': True}"
R846,245.27,121,39.26,not p,"{'p': True, 'q': True}"
R847,198.89,177,87.38,p and not q,"{'p': True, 'q': False}"
R848,192.53,286,32.62,p and not q,"{'p': True, 'q': False}"
R849,359.74,286,27.53,p and not q,"{'p': False, 'q': True}"
R850,359.77,270,39.28,not p,"{'p': True, 'q': True}"
R851,369.73,146,93.65,p and not q,"{'p': True, 'q': True}"
R852,155.04,144,40.86,p or q,"{'p': False, 'q': False}"
R853,435.81,76,91.58,p and q,"{'p': False, 'q': False}"
R854,267.41,73,50.29,p or q,"{'p': True, 'q': False}"
R855,351.27,168,88.5,p and q,"{'p': True, 'q': False}"
R856,317.88,283,52.3,p and not q,"{'p': False, 'q': False}"
R857,51.71,43,25.64,p or q,"{'p': True, 'q': False}"
R858,449.28,154,44.29,not p,"{'p': False, 'q': True}"
R859,182.36,97,86.32,p or q,"{'p': False, 'q': False}"
R860,461.41,61,78.73,not p,"{'p': True, 'q': False}"
R861,84.12,215,93.26,not p,"{'p': False, 'q': False}"
R862,199.49,195,31.27,p and not q,"{'p': False, 'q': True}"
R863,480.5,130,21.76,not p,"{'p': True, 'q': False}"
R864,91.58,133,99.93,p and not q,"{'p': True, 'q': True}"
R865,194.77,170,86.24,p and q,"{'p': False, 'q': True}"
R866,320.08,113,67.7,not p,"{'p': False, 'q': False}"
R867,425.71,166,24.34,not p,"{'p': False, 'q': False}"
R868,307.67,198,98.41,not p,"{'p': False, 'q': False}"
R869,122.23,214,44.7,p and q,"{'p': True, 'q': False}"
R870,110.62,281,82.09,p and q,"{'p': True, 'q': True}"
R871,380.93,149,30.17,p or q,"{'p': False, 'q': True}"
R872,391.47,195,34.33,p or q,"{'p': False, 'q': True}"
R873,397.46,292,33.68,not p,"{'p': False, 'q': False}"
R874,331.15,236,78.0,not p,"{'p': False, 'q': True}"
R875,330.53,245,56.74,p and not q,"{'p': False, 'q': False}"
R876,121.39,146,96.02,p or q,"{'p': True, 'q': True}"
R877,406.88,189,37.55,p and q,"{'p': True, 'q': False}"
R878,441.94,100,75.26,p and q,"{'p': False, 'q': False}"
R879,57.9,127,45.98,not p,"{'p': False, 'q': False}"
R880,466.75,141,68.83,p and q,"{'p': False, 'q': True}"
R881,336.06,289,68.95,p or q,"{'p': True, 'q': False}"
R882,445.61,187,43.38,p or q,"{'p': False, 'q': True}"
R883,140.64,143,18.35,p or q,"{'p': False, 'q': False}"
R884,167.71,300,60.87,p and not q,"{'p': False, 'q': True}"
R885,51.37,260,37.95,p and q,"{'p': False, 'q': True}"
R886,366.13,65,47.96,p and q,"{'p': False, 'q': True}"
R887,373.17,119,40.79,not p,"{'p': True, 'q': False}"
R888,101.95,32,92.34,p and q,"{'p': True, 'q': False}"
R889,161.76,211,56.9,not p,"{'p': False, 'q': False}"
R890,99.86,197,19.79,p or q,"{'p': False, 'q': True}"
R891,369.6,247,15.69,p and not q,"{'p': True, 'q': False}"
R892,448.22,141,86.01,p and q,"{'p': False, 'q': False}"
R893,316.44,273,27.96,p and q,"{'p': True, 'q': True}"
R894,367.87,150,24.09,p and not q,"{'p': False, 'q': False}"
R895,381.31,193,97.01,p or q,"{'p': True, 'q': False}"
R896,492.07,52,87.88,p and not q,"{'p': False, 'q': False}"
R897,332.02,195,94.45,not p,"{'p': False, 'q': True}"
R898,366.28,247,91.1,not p,"{'p': False, 'q': False}"
R899,154.35,37,37.62,p and q,"{'p': True, 'q': True}"
R900,164.63,295,29.8,p and q,"{'p': False, 'q': True}"
R901,119.22,58,48.17,p and not q,"{'p': True, 'q': True}"
R902,67.55,174,49.04,p and not q,"{'p': False, 'q': True}"
R903,262.01,175,90.91,p or q,"{'p': False, 'q': True}"
R904,456.27,251,85.75,not p,"{'p': False, 'q': False}"
R905,153.54,212,94.81,p and not q,"{'p': True, 'q': True}"
R906,328.82,104,37.85,p and q,"{'p': False, 'q': False}"
R907,479.05,244,48.02,not p,"{'p': True, 'q': True}"
R908,331.58,43,12.43,p or q,"{'p': True, 'q': False}"
R909,275.04,62,96.27,p and q,"{'p': False, 'q': False}"
R910,445.26,261,14.42,p or q,"{'p': False, 'q': True}"
R911,184.04,201,39.81,p and q,"{'p': True, 'q': False}"
R912,459.34,168,48.01,not p,"{'p': False, 'q': False}"
R913,95.66,255,25.57,p and q,"{'p': False, 'q': True}"
R914,264.87,85,16.82,p or q,"{'p': False, 'q': False}"
R915,210.69,142,30.01,p and not q,"{'p': False, 'q': False}"
R916,142.26,269,35.21,p and q,"{'p': True, 'q': False}"
R917,170.5,188,83.4,p and q,"{'p': False, 'q': False}"
R918,170.07,38,75.88,p and q,"{'p': True, 'q': False}"
R919,53.52,282,93.19,p and q,"{'p': True, 'q': False}"
R920,347.42,99,86.7,p and q,"{'p': True, 'q': False}"
R921,489.66,232,57.46,p and not q,"{'p': True, 'q': True}"
R922,320.02,129,73.84,not p,"{'p': False, 'q': True}"
R923,409.27,213,64.67,p or q,"{'p': False, 'q': True}"
R924,99.44,242,79.86,not p,"{'p': True, 'q': True}"
R925,419.2,51,70.29,p and q,"{'p': False, 'q': False}"
R926,296.88,93,88.37,not p,"{'p': True, 'q': True}"
R927,59.49,241,49.93,not p,"{'p': False, 'q': False}"
R928,355.75,269,75.76,p and not q,"{'p': False, 'q': True}"
R929,210.52,256,62.57,p and not q,"{'p': True, 'q': False}"
R930,395.43,244,78.32,not p,"{'p': False, 'q': True}"
R931,234.07,204,89.66,p or q,"{'p': False, 'q': False}"
R932,208.45,112,11.2,p and not q,"{'p': False, 'q': True}"
R933,315.7,296,56.83,p and not q,"{'p': False, 'q': False}"
R934,83.57,246,57.85,p or q,"{'p': False, 'q': False}"
R935,368.61,164,99.97,p or q,"{'p': False, 'q': True}"
R936,138.54,181,37.12,p and not q,"{'p': False, 'q': True}"
R937,392.62,83,31.19,p and q,"{'p': True, 'q': True}"
R938,459.64,177,89.06,p and q,"{'p': False, 'q': True}"
R939,293.02,177,67.94,not p,"{'p': True, 'q': False}"
R940,374.43,134,83.63,not p,"{'p': True, 'q': False}"
R941,253.59,89,17.1,p or q,"{'p': False, 'q': True}"
R942,228.47,34,29.04,p and not q,"{'p': False, 'q': True}"
R943,419.99,92,34.05,p or q,"{'p': False, 'q': False}"
R944,228.26,239,64.75,p and not q,"{'p': False, 'q': True}"
R945,305.63,194,56.3,p and q,"{'p': True, 'q': True}"
R946,208.72,71,79.68,not p,"{'p': True, 'q': False}"
R947,101.18,251,66.09,not p,"{'p': False, 'q': True}"
R948,287.24,175,10.73,p and not q,"{'p': False, 'q': False}"
R949,147.98,299,81.51,p and not q,"{'p': True, 'q': True}"
R950,213.45,51,68.22,not p,"{'p': True, 'q': True}"
R951,213.8,283,83.32,p and not q,"{'p': True, 'q': False}"
R952,299.51,251,78.31,not p,"{'p': False, 'q': True}"
R953,119.67,241,23.9,not p,"{'p': True, 'q': False}"
R954,397.3,185,28.08,p and q,"{'p': True, 'q': True}"
R955,488.0,153,49.71,p and q,"{'p': True, 'q': False}"
R956,278.32,149,60.96,p and q,"{'p': False, 'q': False}"
R957,272.83,191,17.48,not p,"{'p': False, 'q': True}"
R958,107.0,256,22.54,p and q,"{'p': True, 'q': True}"
R959,233.04,100,73.89,not p,"{'p': True, 'q': False}"
R960,104.28,272,19.04,p and not q,"{'p': False, 'q': True}"
R961,123.03,67,99.8,p and q,"{'p': True, 'q': False}"
R962,401.95,64,50.23,not p,"{'p': True, 'q': True}"
R963,302.06,277,39.34,p and q,"{'p': False, 'q': False}"
R964,486.24,111,91.48,not p,"{'p': True, 'q': True}"
R965,176.39,274,52.12,p or q,"{'p': False, 'q': True}"
R966,433.7,205,89.61,not p,"{'p': False, 'q': True}"
R967,377.63,64,98.84,not p,"{'p': False, 'q': False}"
R968,143.2,205,76.57,p and not q,"{'p': False, 'q': True}"
R969,122.7,130,14.87,p and q,"{'p': True, 'q': False}"
R970,312.44,49,77.62,not p,"{'p': True, 'q': True}"
R971,225.59,37,59.57,p or q,"{'p': False, 'q': True}"
R972,166.68,176,59.04,not p,"{'p': True, 'q': False}"
R973,304.92,112,98.69,p and not q,"{'p': True, 'q': True}"
R974,176.97,284,75.07,p and q,"{'p': True, 'q': True}"
R975,478.8,49,67.44,p or q,"{'p': True, 'q': True}"
R976,103.19,213,81.69,p and not q,"{'p': True, 'q': True}"
R977,109.34,41,15.97,p or q,"{'p': True, 'q': True}"
R978,473.23,71,15.38,not p,"{'p': False, 'q': True}"
R979,222.55,217,48.4,p and not q,"{'p': False, 'q': False}"
R980,65.33,38,54.83,p and not q,"{'p': False, 'q': True}"
R981,207.68,228,50.13,p and q,"{'p': False, 'q': True}"
R982,377.03,197,72.78,not p,"{'p': False, 'q': False}"
R983,246.14,92,17.7,p or q,"{'p': True, 'q': False}"
R984,111.53,220,43.85,p or q,"{'p': True, 'q': False}"
R985,138.22,99,18.86,p or q,"{'p': False, 'q': True}"
R986,495.23,154,76.91,p or q,"{'p': True, 'q': False}"
R987,65.23,147,46.09,p and q,"{'p': False, 'q': True}"
R988,350.05,157,94.48,p and q,"{'p': True, 'q': True}"
R989,229.67,232,73.15,p or q,"{'p': False, 'q': False}"
R990,411.65,244,25.34,p and not q,"{'p': False, 'q': False}"
R991,88.89,241,67.85,p or q,"{'p': True, 'q': False}"
R992,170.94,122,46.08,not p,"{'p': False, 'q': True}"
R993,253.99,218,38.78,p and not q,"{'p': False, 'q': False}"
R994,153.73,74,74.09,p and q,"{'p': True, 'q': True}"
R995,494.1,76,83.09,p or q,"{'p': False, 'q': False}"
R996,494.49,182,72.63,p or q,"{'p': False, 'q': False}"
R997,395.86,294,10.49,p and q,"{'p': False, 'q': False}"
R998,230.8,213,66.85,p and not q,"{'p': True, 'q': True}"
R999,193.75,174,30.34,p and not q,"{'p': False, 'q': False}"
R1000,210.73,182,92.49,p and q,"{'p': True, 'q': True}"
